Station_Names,Year,Month,Max_Temp,Min_Temp,Rainfall,Relative_Humidity,Wind_Speed,Cloud_Coverage,Bright_Sunshine,Station_Number,X_COR,Y_COR,LATITUDE,LONGITUDE,ALT,Period,Flood?
Amritsar,2023,1,42.089474353091,14.242145080850815,99.07748331752703,64.4664035837541,1.6646051130678987,1.4676857345253913,5.939454735437485,47686,548772,583598,30.8019329797271,75.62721751486177,231.1029632048798,2023.01,1
Amritsar,2023,2,38.06074066530504,29.241426422874316,149.56686724160505,70.72947595056492,4.317536762312571,7.273971177294571,3.651212562872316,42268,529734,505937,29.638595888908085,76.32883360422855,258.3427563823805,2023.02,1
Amritsar,2023,3,30.749105528322726,16.995126233002747,166.37448157751325,67.56032264590931,0.7217393340141663,1.0117618192084399,4.547116910286523,11597,566658,522191,29.492024079920977,76.57505464521962,332.5387899504523,2023.03,1
Amritsar,2023,4,36.58776896796666,28.088604445516253,219.38768363109543,41.09057700750718,2.238763360790572,9.416640460866581,9.056977558959556,25502,556554,569496,31.35684579171845,74.50585513382956,265.3943040263972,2023.04,0
Amritsar,2023,5,32.498353296180554,19.83235935503091,90.86544196117528,55.31705035375563,0.5306045465326454,3.9596983917635575,8.35140510622324,64805,532390,553200,30.832114397803892,75.22780371021027,270.1759611580953,2023.05,0
Amritsar,2023,6,30.396990718872548,15.498010551867456,207.95322313337374,68.24019265479151,3.869626914553528,3.1520042340843144,9.382653930045475,36938,515147,587802,31.294479549904466,76.95770335688294,298.9983727188293,2023.06,0
Amritsar,2023,7,35.623569990789534,27.030650063220413,168.08570645161183,81.2373625940798,2.160345761852941,2.3947599275487654,4.232119426194389,94648,584378,516942,30.62854001523472,75.9415034440098,276.8071091762489,2023.07,1
Amritsar,2023,8,35.86808333392376,28.684086476563408,93.22948307215727,78.46146380878832,2.8441043192182303,4.846976287043723,8.904458812338872,29636,514151,562673,31.494197210095997,74.23478849692889,289.4941438331864,2023.08,0
Amritsar,2023,9,40.995821272685944,10.225690844242976,263.96301358519946,41.07842126639376,3.1887866796761886,9.369884346934922,9.507355090627785,45871,571286,554530,29.609492602175532,74.27802841147644,349.1621053867053,2023.09,0
Amritsar,2023,10,41.033838362079806,21.46555475076964,31.523952826197686,86.38517204165679,3.7053986974974586,4.202958447473545,4.870984070158561,43466,527697,551772,31.41142139399326,76.13082896609549,280.4570572741367,2023.10,1
Amritsar,2023,11,37.013619444483965,12.351250658883819,173.56533454586707,41.419614247938284,4.072466367173498,1.260149260733906,4.977464437661653,91633,522966,597980,30.05934856970967,76.46057970841618,249.6158737356836,2023.11,1
Amritsar,2023,12,33.42833067503639,15.032313015804844,57.80548463883609,78.52089386979515,2.5565690818720506,1.5397508074166621,5.73934110662921,95482,540508,524018,30.166809382815213,75.78640409548493,265.78372643480577,2023.12,1
Ludhiana,2023,1,41.45578643686261,21.324001155546352,297.05002211620297,58.66617751711793,0.6289889610647329,0.3085796513014716,3.6454049720034956,86780,514063,513720,29.339065441142743,76.44584408910433,223.50562750014961,2023.01,1
Ludhiana,2023,2,33.4162769660551,29.644570724622785,203.6860969370679,76.54444743800781,3.1442555893199904,4.652945896476527,3.887332119522872,21725,592008,545719,29.54343804520396,76.28718412857177,272.92898160875205,2023.02,0
Ludhiana,2023,3,34.50117071641966,12.356345595001187,108.06567454456057,55.575822810463194,2.9144300456688708,0.7322806994901221,5.499501169325885,21182,562465,566775,30.42992091716,75.40781560714467,324.6206785764116,2023.03,0
Ludhiana,2023,4,35.29365243423341,11.409708685209935,165.55073398680872,87.86466660648821,4.742969530751311,9.602873982240359,7.383483062519915,40241,549370,537421,31.1000358519331,74.30523411696406,336.6990918804672,2023.04,0
Ludhiana,2023,5,34.484183219936334,26.469414091225968,39.788367182261034,85.32407008219779,1.1191782074009473,3.769291033394133,4.170823272978074,95606,517314,570490,29.946555550339106,74.85977989451365,205.3273142454653,2023.05,0
Ludhiana,2023,6,41.25681499008011,15.704290552479762,241.53343861224016,62.00702864901349,2.5823777858969423,0.37678121227716965,6.504624022486844,81789,555718,508202,30.60246644778196,74.6006888658783,200.3352055176178,2023.06,1
Ludhiana,2023,7,33.00519813902584,20.485085046914186,266.7104075868918,84.46420163508346,2.077291155000803,3.4988406750203858,6.732617054528286,75036,542696,544011,29.721955420187548,75.44802986741566,273.3766123695618,2023.07,0
Ludhiana,2023,8,31.253267220522076,14.517671682349098,73.31622229180785,74.39207800217358,2.9216899367362403,8.885716415626625,6.757333153766268,36869,502617,532421,30.24450364878965,75.5168977036581,336.42528049335954,2023.08,0
Ludhiana,2023,9,38.92921491830505,19.549763339142558,195.64234833038765,86.26637762835927,2.5614034896855653,5.8190708030117,4.234551382368473,22756,589734,589737,29.37023152661207,76.69006959010501,319.7322253021482,2023.09,1
Ludhiana,2023,10,32.77444068072409,12.99498275621085,228.57655626033497,63.72718344644859,2.7834182853981577,9.389842571499896,8.248747031894732,36640,582665,540540,30.436877412702216,76.36193692096116,344.17170899800175,2023.10,1
Ludhiana,2023,11,37.70222376972529,29.356752554799655,61.72291285437207,56.612503133478484,3.344704357983954,9.509659606003654,9.584115833676396,74966,528501,553402,29.000094513108653,76.72169961802311,328.23795951161924,2023.11,0
Ludhiana,2023,12,41.89006339915966,17.119820142239,157.57792317751716,59.721869543096005,4.417473850251573,4.764610268569465,8.260744209510229,20584,563611,535024,31.444580327619846,75.78965761281084,202.35555716034543,2023.12,1
Jalandhar,2023,1,39.14811226602511,17.005611248112253,178.76730285864957,41.56937858258719,1.906540461884642,6.444645805849944,4.8463938525348444,32314,579433,507140,29.830857083947254,75.20768058963208,317.14926931730787,2023.01,1
Jalandhar,2023,2,31.795915344274025,25.73380703896393,201.31290334230738,85.22038985329375,1.6562548054759036,0.17122608637994197,3.1447456330083026,44547,517662,578786,31.81525753786669,76.67045373003316,225.02333036819755,2023.02,1
Jalandhar,2023,3,40.877431303925995,13.745759043808789,184.47157308582953,64.21951155207937,1.1423674789418834,9.06087715247116,4.107442056762376,14442,528858,524062,31.048252477106264,74.68057378514695,206.77365662392432,2023.03,1
Jalandhar,2023,4,37.64095537791964,21.198020266020837,84.96444457812427,66.7346289751637,2.4145492376295095,3.4822966866086125,5.185477944139557,54969,544684,530754,31.778017906115828,75.94892767545795,270.07615456500184,2023.04,0
Jalandhar,2023,5,34.27700922130308,18.238040297158864,223.62807414826636,51.38039924801582,4.973565512648054,7.675005402615693,9.64047152524307,21101,545158,549867,29.02954604306039,75.32538835821656,209.35044150114263,2023.05,0
Jalandhar,2023,6,30.942201143669184,26.267069356214282,118.6127329377061,50.73445063666809,3.1370533286159934,6.514255610616086,7.43078601563523,26765,587000,510925,29.669654947817694,74.43783162739165,297.713314525594,2023.06,0
Jalandhar,2023,7,33.89257937501506,20.97048587972639,90.89649254224011,89.78919230525094,3.8310102412325575,5.124970012647952,9.028540712880076,42023,556816,577609,30.113331632542952,76.26928778792106,315.30175494207043,2023.07,1
Jalandhar,2023,8,44.87983524344545,19.35913524752643,76.9852717977309,78.41459093620331,4.2948038399931985,9.629837141611237,7.973975125503008,99371,522961,500841,31.95396774376781,76.72946754436894,226.7624589611274,2023.08,0
Jalandhar,2023,9,42.739592486805755,24.0697684744378,148.4373897916609,61.4661527268553,3.284164425611195,3.683035969342808,6.0004352799018825,25280,540476,503366,29.719393847000816,74.1995767909791,244.8183363130818,2023.09,1
Jalandhar,2023,10,40.217895517199054,10.619803852583615,0.2777407941908394,84.65534797382293,0.7401949539058867,8.303191823076782,8.723496400309298,20325,512793,599654,31.606249415692876,76.76635199086498,324.7420643149244,2023.10,1
Jalandhar,2023,11,42.79016802815378,14.144248238827693,62.87877048062369,84.93534538522428,2.9345661987382896,4.13886597623356,6.682829913039222,59981,539141,545721,30.587302861445828,76.4137572782262,267.0292392431698,2023.11,1
Jalandhar,2023,12,30.36263137425486,22.935125696063693,274.06217420754166,71.62111495293051,2.223172219296521,6.227963247760472,3.4373175674918204,13275,567793,597507,29.107101340827366,74.34399395125898,273.27009786548314,2023.12,0
Patiala,2023,1,30.193306116428648,13.588144733902151,164.29576127505229,78.0588092788007,3.446077886987857,3.029273994004813,8.112902072396984,39293,561270,511172,29.251407412695478,75.02102365533247,250.89302437993786,2023.01,1
Patiala,2023,2,35.858111305057804,22.92046353820897,289.518424151335,82.0053775236276,4.839226672061159,8.821488909822214,8.22905306242715,63375,580000,510872,29.996549308545806,74.8278608908893,207.7845547861157,2023.02,1
Patiala,2023,3,38.06499741617115,10.890187523551838,17.1696795713017,74.61629005349317,1.1451144140648162,7.474154247623717,6.116954028289806,66052,553957,587757,30.582290031450892,76.720770344373,298.27670819154514,2023.03,0
Patiala,2023,4,34.825436520750145,27.672434674083945,140.1900580283699,79.12010727881983,3.9471922772849033,6.002728546758357,6.410628512356713,51568,542154,577820,30.736298339588203,74.9975708709485,283.4811194860259,2023.04,1
Patiala,2023,5,44.0459828978142,14.338477432790782,239.01207698299928,80.44031638922598,3.8403504229390206,7.040220613534335,8.115860959739624,56624,529479,503356,30.43444816740745,76.50005745445733,257.22303506895025,2023.05,1
Patiala,2023,6,36.55360322946779,13.791800428308003,198.50590533937648,65.86703385497714,2.0519219003569606,8.724489808787904,9.950508402090847,32863,513076,528500,31.10080497954288,75.94756875137587,345.5600410500507,2023.06,0
Patiala,2023,7,43.47402654404175,17.57616211628556,100.10402272553388,77.50178724153756,0.8414605359585553,3.0679444551209576,3.130751233597172,89737,585806,506659,31.02684254917648,76.83638835652988,322.80378710546415,2023.07,1
Patiala,2023,8,38.60440709353137,27.880164530335833,237.940026631679,71.38292080372757,1.8743146994606017,8.953787333196699,4.78265016576122,70061,587664,541664,31.656045868006796,75.34519145240023,321.53376415312516,2023.08,0
Patiala,2023,9,31.864642051321,20.729252000477388,98.28250706089709,42.21390529364409,2.013158927390827,6.14367237960233,6.661865978921001,50267,541735,575679,31.928867389653014,74.64301783246168,334.3851791957851,2023.09,0
Patiala,2023,10,36.902366651410176,10.045214456067097,236.4018111523425,69.85808124614935,3.2987053314181356,5.799530969861278,6.209476778529055,94763,563509,557825,29.096825217881317,76.81109411598078,287.78910474929125,2023.10,1
Patiala,2023,11,32.14901771324354,29.12119050041605,155.7655029233498,57.770183009535884,1.506413449912564,6.26734691536703,6.826074117897996,45564,560639,538357,31.241670802849022,74.51362125240347,202.92537942466424,2023.11,1
Patiala,2023,12,38.79626733538661,17.464629851198556,181.6956674571532,56.27835022287846,3.81467509213907,2.7747896005273542,3.295493771901398,88116,518421,516912,30.6111708150922,75.60860900311069,338.74180720636014,2023.12,1
Bathinda,2023,1,32.000026617403456,26.83687684610765,18.481232553774873,51.69120714377179,3.415258555480522,6.1329553914978385,7.8251993765472445,62135,537773,526791,30.168733982788048,75.40970219446224,320.9146833182171,2023.01,0
Bathinda,2023,2,37.15455192085549,16.218199303460146,9.697173263654035,89.20514559099942,2.021962878771526,7.210797340476855,4.706063355275216,56115,544965,514660,29.02699923469736,75.96055984951836,237.1926470956796,2023.02,0
Bathinda,2023,3,31.479212837084432,13.058225409726095,225.85659343943718,81.56307515321373,4.023365859458941,6.247531947576242,3.590973326595385,93465,592690,576491,30.291817590018564,76.73945803977323,331.2032375385738,2023.03,0
Bathinda,2023,4,39.65593780275168,14.516044546906382,250.24951254056072,50.24847448295023,4.343934361172735,1.785046355905352,8.131115245217922,45862,520870,596200,31.18008897456039,74.39502028513179,347.247978104903,2023.04,1
Bathinda,2023,5,34.42394196388305,10.662875868321267,3.2061940662814647,45.14386101072442,3.2037921779169545,7.881660928744704,4.717745282394322,38043,566617,572888,30.00508737711515,76.14954031949281,259.6410957817551,2023.05,1
Bathinda,2023,6,31.686974774859532,16.14712592192296,260.81639306715033,53.86677406583171,4.868811862427333,3.6661956303816168,9.603552808512088,45472,526495,551005,30.726071740109653,74.11677678461463,313.68398034946165,2023.06,0
Bathinda,2023,7,43.71841438619383,17.98155481014556,227.7310854379461,40.65719543650395,0.5611559639017709,5.437714621619202,8.384657935165137,51941,544201,543833,31.553218029047116,76.70598872544896,209.5915603858792,2023.07,0
Bathinda,2023,8,35.55819453904978,20.28979815503316,34.78472562095788,82.66451226747236,3.9872949247912635,9.29442371968948,4.11763706230346,16457,513029,567664,29.509821340414696,75.22336854854116,207.05169083767265,2023.08,1
Bathinda,2023,9,42.93655367798086,18.910652393903344,16.42032961208235,42.96312247008327,0.9997887318733222,5.118349731061569,4.612154153585444,28598,593200,528631,31.23294220265305,76.01183217194749,346.57739344480984,2023.09,1
Bathinda,2023,10,32.44657097142795,25.492573464511526,108.04835901868759,81.28074295129477,0.963476794946051,6.198827009671368,7.152871347426027,41797,596203,560550,29.241000307453607,74.09662799713264,217.74992359737348,2023.10,0
Bathinda,2023,11,32.974094006373726,11.439219389007352,138.03613460200114,69.09245601114347,4.085080343532301,8.281140264119818,5.579383899258009,89651,551543,506762,30.467223199011368,75.96659340825694,315.0510212618705,2023.11,0
Bathinda,2023,12,44.56021586630818,27.04016502704892,206.25944646546222,84.5418416847078,1.7570674133973254,4.3780916803367536,4.0123837269937495,53304,578649,585463,29.1020524475193,74.41442032571526,294.99644102351954,2023.12,0
Mohali,2023,1,34.96881918585441,29.28973924001557,255.35446456105598,56.76743556610292,2.657005677743844,8.284669641227739,8.210284098709106,92023,578328,523162,29.995405303785923,75.47730425566081,312.1757257348405,2023.01,0
Mohali,2023,2,44.1663354042688,26.989658504384995,144.99839542991762,64.89808383087147,3.183993743740912,4.812445759301726,8.854797846502963,71363,590571,531020,31.77799425141009,76.96335206777998,323.90493448252766,2023.02,1
Mohali,2023,3,43.11216246111469,21.581491115736725,28.15354439330765,50.523501274040434,4.463605426293184,4.62943954729657,6.02468657784069,48581,572613,597937,31.521993309057702,76.66344784876789,271.04469139241536,2023.03,0
Mohali,2023,4,32.49533439982949,23.783078029381755,257.60009365055157,47.54808437419861,2.7001725615202923,0.21327252304438438,3.8643139516501246,32764,570507,583060,30.844694435157102,74.1564105435817,349.83902879835745,2023.04,0
Mohali,2023,5,32.84124549814602,12.403816310669525,179.47638543648867,65.42161401748797,1.8058420495948575,6.003344650657202,6.192250674552708,84359,589906,572199,31.84294387862952,74.31701145847634,345.9611975292089,2023.05,1
Mohali,2023,6,38.06519777220097,23.600026141657164,13.776439140217246,45.98383789262409,3.752264853348886,4.082233066304328,7.2811235512987205,82854,554172,596683,31.769375514277087,74.2414823430586,341.18957849456973,2023.06,0
Mohali,2023,7,31.344238595684956,13.270400775172803,88.81702791899637,55.05962371902013,1.2833056046484481,0.9781444352519697,7.343121878092881,30651,591614,513611,31.14029271153258,74.8104601522493,293.52387304225147,2023.07,0
Mohali,2023,8,35.109291625998026,10.132731520650085,25.290632508001455,42.94896268695653,4.128801309220959,5.646495808677128,3.29029790181322,95726,590672,547650,29.035520167211196,74.82335216424235,329.0279772171448,2023.08,1
Mohali,2023,9,42.10485587020528,20.904238619956303,266.06541514397617,69.25517596954246,2.551010991307414,1.2757549501699539,3.7825088607277793,64507,595165,563250,29.058596588393836,76.93258538272055,342.0832950405851,2023.09,0
Mohali,2023,10,44.82660027870569,26.9306900324985,241.46624658285796,84.22106150704487,4.628398700475376,5.611817566634027,9.94683275940061,16560,522539,552339,31.291519618323264,75.99658394515296,294.83243209559566,2023.10,0
Mohali,2023,11,38.6268863979465,14.654620526373119,104.65324427234913,50.39647724767492,2.5779223364827404,7.646303352568783,8.471752558793643,20472,513048,534811,30.90106300827066,75.02302240890198,202.6925983084783,2023.11,1
Mohali,2023,12,42.37659336615233,29.421948098655353,220.74923343637846,40.09720891546213,1.4092741674687812,3.077077607256392,4.887635417921548,10419,521451,550297,30.122537581086764,75.34100350149524,342.9437486669982,2023.12,1
Hoshiarpur,2023,1,32.41759672797995,20.9780233247383,107.11465531921561,78.55650109457312,4.618434964161011,4.0810506016497685,7.426964772569223,13573,525548,579357,29.839423026699645,75.4624988151572,241.821725949962,2023.01,1
Hoshiarpur,2023,2,38.96410991111119,11.835036368321871,84.47290052927619,43.584245205152804,4.613638122122928,0.5285626853200376,7.3110584554405245,90232,594233,582243,30.112884883744645,75.95690272824861,202.15814465393197,2023.02,1
Hoshiarpur,2023,3,33.328354082887785,22.549174068200838,68.81462395463103,59.55687003472388,3.850386708602811,4.073933332543946,9.567162947603883,51243,582707,520359,31.659362160310803,76.40625589916793,349.79604008303045,2023.03,0
Hoshiarpur,2023,4,40.675839359673496,13.72329321925595,15.208945233587311,67.59303872087938,4.165220691934629,5.125302894574132,8.955171077005787,47994,547876,590207,30.846514163936533,74.94656340915385,292.3436477856485,2023.04,0
Hoshiarpur,2023,5,32.48204596463936,18.492748021863484,120.83297371662579,85.35383947747059,4.885332783608634,0.031974134801968646,7.335267937459245,19900,577542,517419,29.05339599089234,74.33442857398143,245.7787550182317,2023.05,1
Hoshiarpur,2023,6,31.752498860415297,21.9901934346155,85.68071573485977,85.4548997504373,3.692013024972211,8.592002896570328,9.25097800388967,71950,529675,540106,31.766372506032397,74.18205156222479,276.5211241649719,2023.06,0
Hoshiarpur,2023,7,35.18642800740476,24.678792857017406,217.16889721700437,72.49819866044822,0.612730928715691,9.54349339875825,5.289873726487107,11671,551038,526204,29.992258096407877,74.76095977827417,338.7840942650206,2023.07,1
Hoshiarpur,2023,8,41.14551425844695,15.40790097457908,232.2125861811112,87.62844318880735,1.3279458154468635,1.8703923209518392,7.374827611877608,60559,560153,516504,30.866345679289328,74.27043373734288,329.03557039898567,2023.08,1
Hoshiarpur,2023,9,33.65983656441859,17.169013958609177,122.98163233999921,67.73485522383237,1.308590405678942,8.981729642335376,5.686177737959351,85624,575530,510005,31.735123113203308,75.7839114768173,292.53795359524344,2023.09,1
Hoshiarpur,2023,10,40.28735459837775,27.922664154920703,192.4673886025116,50.02224349479393,3.8852653273606648,6.112333779945946,6.177147968966947,72079,563635,594497,29.310268382657338,76.93994602645162,302.3833461940959,2023.10,1
Hoshiarpur,2023,11,33.84637369788006,22.69023864206694,9.431822761977383,81.97048952761745,0.5583435685279652,9.976909876650264,9.310986464815986,75858,532380,550821,29.752870168861058,76.78001936455944,346.6497234376271,2023.11,0
Hoshiarpur,2023,12,31.896616041780984,29.891931490858344,178.8101868402938,86.50691929911326,2.609169533966028,4.677489375228046,7.876465292827908,15501,515619,503220,30.61648554523186,76.16362133290234,323.53194481662047,2023.12,1
Gurdaspur,2023,1,39.24149234123081,29.19472297434775,84.09563541772933,64.97520282609275,2.774488953275694,9.867825702715136,9.734200806050914,47802,511141,526083,31.617777137327188,75.63830975207715,211.6933852355483,2023.01,0
Gurdaspur,2023,2,37.72490076904921,28.923613110656298,145.95975594284573,49.57176486855561,4.1709164780264,7.638315627864921,5.43792141264614,74130,594484,548083,30.34419529073614,75.99413903669927,271.90772522494854,2023.02,0
Gurdaspur,2023,3,30.602209638785503,17.34112810789711,26.226769583965638,75.68138522206816,3.6710200375521964,9.488599420474435,8.062704679259,53802,534423,571417,31.493655715142538,74.0909976346979,212.70588176950764,2023.03,1
Gurdaspur,2023,4,34.67242551322972,24.181817767468942,102.46587476312757,79.1034081022709,3.1449504405942386,0.05606184672148462,4.10109557456849,77065,521134,512937,30.195152413386474,76.74972838729025,304.89206996539605,2023.04,0
Gurdaspur,2023,5,36.69111873444344,27.748266916109113,20.027316636496128,81.21917323160204,4.786015095428198,2.254877560700901,7.067529477874353,73330,536387,585065,30.050695654641256,74.88539748601087,243.55155365134658,2023.05,0
Gurdaspur,2023,6,42.68447758229432,23.724352592133425,299.3488937596031,73.48005267208487,3.030639980314646,0.47202508938829824,9.446130747563098,55030,542002,570671,31.466000926302385,75.2223648854769,236.90959354167106,2023.06,1
Gurdaspur,2023,7,30.13907279065252,18.020275273166632,163.35448357343782,83.15842787296148,1.5400655549889724,5.201981633716093,3.4556553211779804,32850,529460,555970,31.012085803457463,74.01006752654654,249.72212055986353,2023.07,1
Gurdaspur,2023,8,34.868942887989824,11.164227690852782,166.02288555976892,76.38741670729434,3.1860912580809364,9.97539245245306,6.791800201074942,90605,513284,584001,29.51443372355992,76.78460748095009,222.11881290334915,2023.08,0
Gurdaspur,2023,9,35.04193729629596,18.9064077334822,4.3816205388548575,79.35026462250457,4.492959000409124,8.026145096447632,4.670502195009669,69105,525906,561167,29.9585094242811,76.42270239081215,349.05028434780195,2023.09,1
Gurdaspur,2023,10,36.667431739242595,28.853998056439764,230.51629613730734,54.76843028375962,0.8825512572796166,3.3296073351138067,5.8954132004943745,71475,571979,505807,31.792400701004002,75.69216189976058,230.8978298128758,2023.10,1
Gurdaspur,2023,11,40.37032192625902,13.82983650442773,82.19252049796418,47.28918908168232,1.3256639441344733,7.677178094108069,8.467716441043981,37289,551210,594372,29.183409152270144,76.38622449695669,240.20274425632397,2023.11,0
Gurdaspur,2023,12,34.83738493212542,14.565435394418593,56.82570714603513,45.42094401260898,1.8787880281007996,9.3738964009084,9.62713482887678,48033,591923,588330,31.95047106217223,75.49274751915661,201.34460536140756,2023.12,1
Pathankot,2023,1,44.05500671849553,24.21443052358037,62.25305085464659,82.62637031807901,2.247306670382858,7.360705085057342,4.1909706774468445,68978,528401,565682,29.50442916967048,75.60095918337747,333.7962718923737,2023.01,0
Pathankot,2023,2,33.038762009257226,12.232475015390165,235.19407930431424,43.062515937013146,3.3404091216027645,7.525841106825753,6.783912212145994,68121,578890,565845,29.804495779087087,76.58046379627353,242.94245804988645,2023.02,1
Pathankot,2023,3,38.83755587416945,26.38138483563554,101.39533284243328,85.63929873282558,1.5710715143775753,9.397012942937822,5.796181739626882,33419,513789,503088,29.569098019853318,75.6596609559581,211.16118082955785,2023.03,1
Pathankot,2023,4,33.87328047659993,27.045152855431553,102.16972572977201,79.09596719455925,1.4207524268952731,9.793489598926824,4.686098993127938,83056,586472,520501,29.921458480993934,74.395787469169,240.24383636271267,2023.04,0
Pathankot,2023,5,41.26683071697437,28.205193477407356,258.29062262980443,54.48226266940043,2.027943461530475,2.29419288594924,9.076573629532948,10748,522853,575270,31.450762228844862,74.15327358380401,271.7196939109939,2023.05,0
Pathankot,2023,6,30.15164810993175,20.73194019894565,60.800564459727156,61.69897719043836,4.496704266865594,3.1057386341164617,5.008872461521851,17891,570583,528710,30.948831763650464,75.91768100820244,269.6984472638598,2023.06,1
Pathankot,2023,7,44.83750112973163,18.883432027650304,202.42279921303944,46.54014918213153,2.847492120749754,0.5766638690343351,5.993874576893139,37638,584000,589327,30.102497745335356,74.55199368821425,222.88755783382862,2023.07,1
Pathankot,2023,8,33.27980601685084,15.685856289510884,126.24507528956667,58.57181501221512,4.220011720975418,4.173113784635776,9.900900375329384,30380,504848,510070,31.829883415954694,75.54653791085782,225.24142565567627,2023.08,1
Pathankot,2023,9,43.77641440393968,26.422764692297402,247.58708015789068,76.26956918520261,2.9347344877801453,3.5260298338245,3.9288110242497627,12374,534464,503018,31.492528536559174,75.82817691183966,309.19884400653956,2023.09,1
Pathankot,2023,10,34.168042653959624,18.937722513067552,9.629793648258577,59.941884952417034,0.9981564380926411,5.830940111486402,7.414951814767651,22874,515302,571497,31.85486790874928,76.72542305928188,226.7707524382474,2023.10,1
Pathankot,2023,11,39.864287314671934,26.899887823127322,233.25491399870015,79.5758120063943,4.659407366138683,6.054427981900691,5.169447133341114,50245,519141,515928,31.742154703232018,75.88339594447577,299.1609703550989,2023.11,0
Pathankot,2023,12,41.6084404114606,24.371213033181554,222.75402116727267,40.0243033178011,2.1347686299121116,8.104351737328496,8.056786272181544,81365,506042,592898,30.788192517303557,76.83587251276553,236.66884380094473,2023.12,1
Firozpur,2023,1,38.459414422495755,20.365923972883532,138.46852101268485,80.14499297605336,2.810567486907978,6.990511147641147,4.540046026006171,66569,543698,510483,30.3343876464705,76.51003227124612,278.795219618603,2023.01,0
Firozpur,2023,2,34.23276546105736,17.671053509721514,285.740135533834,78.21884059360656,0.7226426649008582,7.962957856648415,9.64013641163233,74972,576124,562964,31.170373066893138,75.94536608488221,249.97657484069518,2023.02,1
Firozpur,2023,3,34.683741182208706,20.28699885067023,233.47850098575054,86.05629836536555,3.8898608097189,2.9375002158095684,5.8711488709474375,70336,566281,529054,29.766159696542044,74.72015493665364,267.74416947018756,2023.03,0
Firozpur,2023,4,39.80535663624709,21.627559114989754,200.36934436883732,52.413576653744194,3.183175780980116,4.7300730603612156,5.718316777995307,98802,536613,529759,29.737099037551932,74.257742108394,226.38779131363071,2023.04,1
Firozpur,2023,5,39.68324355692584,20.891859917709866,166.49726716296286,41.92468741404666,2.085750564690434,0.18918276915123156,3.3581931460347767,77436,567276,582179,30.59720686207538,74.93550901101571,306.92421995415543,2023.05,0
Firozpur,2023,6,40.077869032912346,27.751393695922655,137.3379544070173,45.19252003553999,4.162143048852914,0.21492027419679816,8.723034939790892,16798,533351,584055,30.899880549020388,75.75966694330336,300.92830082996085,2023.06,0
Firozpur,2023,7,36.49595811566877,27.617482137001748,17.77215861173367,64.07183549126047,2.3609240148040294,0.8879295674974264,3.93222514853619,10839,596898,582521,29.021958884866805,75.91540251453358,223.8723203966939,2023.07,1
Firozpur,2023,8,37.015608283270204,25.068970474164324,52.363122607161,60.316630430739714,4.093811664788438,7.307803587899561,6.630715403771353,11041,526347,546974,29.552170235114563,75.75191141740456,338.55932423434456,2023.08,1
Firozpur,2023,9,35.611812052942426,25.351590127225816,8.962085604679205,49.917982769059364,1.7450114165686168,5.639248181653903,7.051093447977181,73701,528992,581175,30.490054107249787,75.8335898770622,286.77758155635684,2023.09,0
Firozpur,2023,10,33.1043693414481,22.372715600255656,234.33551821254505,67.26938395303239,1.5797639083280801,6.101781858451936,6.327621116795154,47962,504300,567521,29.255139065161284,76.19144673258407,252.00031111656708,2023.10,1
Firozpur,2023,11,41.88908697818545,18.226128150030405,206.43561013962014,64.82421476529889,2.3489758674657475,8.268204386917935,3.3023517437430705,73047,587094,509053,31.391456334659555,76.2686959291294,245.1834657991381,2023.11,0
Firozpur,2023,12,42.46185301563019,14.122733987225107,58.73380015493442,54.97292151875247,2.6784807627792437,2.705482401737851,5.950049976234924,60720,542781,528881,29.80461408627839,75.5090086486754,287.28040355866926,2023.12,1
Moga,2023,1,40.45038533024022,29.301448555530868,283.2363693112928,74.40064304368568,3.1913940978133475,4.787741859110962,8.847116094967351,53849,506691,577320,30.146413213393952,74.73864728964607,297.6662784858973,2023.01,1
Moga,2023,2,30.198522260181687,25.389893197379806,125.22745226892945,86.97247502089,2.54035870053524,3.8114598954622747,5.888073833599327,81417,566015,529412,31.20471480937253,74.51314791617945,230.82534300772176,2023.02,0
Moga,2023,3,37.97539402863228,27.064623045929277,41.3017142985855,86.09196254609641,3.2075822531464016,0.9409390931941319,4.402640484733716,95069,516836,561889,30.54135810268322,75.47675075011531,333.3682609508544,2023.03,1
Moga,2023,4,38.16412776086669,29.148831067388336,283.110831440663,64.72348164870488,4.919309425347466,8.858077348971168,3.489559917442788,86477,572093,509647,30.36066001661135,74.66921833417577,276.6476245438289,2023.04,0
Moga,2023,5,40.90315709501834,13.00714153866519,149.27781945254122,40.440890865113246,1.4663550695968066,6.278619894649563,7.325189326552049,97268,521300,573759,29.455038211549773,76.60771738051562,325.8039827740416,2023.05,1
Moga,2023,6,40.117622736512075,27.479935043560882,248.5051389257505,43.04777163254265,2.8451104460029932,2.8389054418345028,7.2987490154186,94484,536656,532919,30.7244991956903,74.92847544069438,303.67101965255836,2023.06,0
Moga,2023,7,40.11947577352443,14.498875212354129,131.98443636342404,41.87093702734834,4.672423942037212,3.265916275281251,4.131382811090221,55157,598144,504970,30.287102167083578,75.71490381094006,272.60333266292537,2023.07,1
Moga,2023,8,44.54493910388676,15.410210076120642,72.03407323509853,79.08383339004834,1.2733036606991164,2.1355744946095747,7.73930035317819,29383,591859,593530,29.9187855426137,75.84319545123367,240.87706256125125,2023.08,1
Moga,2023,9,43.711928549283364,26.93063331584443,174.3777476929072,43.57047033388153,4.4202090029352235,7.493983164944188,7.616613922177635,62619,553773,568625,31.913845758872128,75.9147133301537,320.84069741911026,2023.09,0
Moga,2023,10,39.2494349435264,29.479878806924916,43.703556626058315,49.805304457823546,0.9208838949231075,8.624761504344372,4.529409694203798,14893,568019,589397,30.670325739465312,76.49510753872718,339.0188902999888,2023.10,1
Moga,2023,11,40.9780323668639,15.271179153817005,293.33592810401115,42.6467464472691,1.8840149094737313,9.93085002534593,6.428750290174149,58286,556893,531835,31.14752908130179,74.89742411851341,215.22437364148644,2023.11,1
Moga,2023,12,42.966304408312624,13.022300763174009,17.51810935497996,68.57869053399082,4.503596685255563,0.8711315255676189,4.960748652096921,33702,527627,533484,31.860389983840545,74.07919860449398,342.5824926011944,2023.12,1
Kapurthala,2023,1,30.614884012776614,10.216915402356923,222.8039673852334,40.11428406590858,1.906028663735561,1.1395503665802476,8.368840266165176,32466,561434,557779,29.962918672000352,74.65896494875608,296.5125633959184,2023.01,0
Kapurthala,2023,2,36.07453940980916,15.594033203327818,229.4591415186259,43.82614554973545,4.781629820307481,9.92323273072987,4.54048674237087,11499,586767,549428,30.487774107120757,76.2217209727094,259.90471950543855,2023.02,1
Kapurthala,2023,3,40.48450942069773,14.409076779621987,127.15334192758579,60.864776664879614,1.116319057548615,2.8554806540741797,6.381717530731494,63669,500991,595730,30.361874693129938,75.77150112319237,320.6002063219521,2023.03,0
Kapurthala,2023,4,40.62230506230768,21.86079421201005,83.75846637395597,72.47986276394678,0.5483813414261234,2.071116665502144,9.924597244730887,27442,585180,578886,30.808547990840925,74.91100216538699,215.4250029827215,2023.04,0
Kapurthala,2023,5,38.40296930155327,16.415123077155798,164.47890463130287,66.46984509094497,2.3689988257595256,2.5178481268799766,9.770002561188935,34109,523421,550328,31.808824457090868,74.79668987483976,305.05818427098956,2023.05,0
Kapurthala,2023,6,35.1058049311438,24.294585260371953,41.908327794124375,51.048909831471455,4.132130190674128,5.5779982022178505,6.23764898823109,30972,568788,501354,31.96138997613962,74.90805239842734,341.07230123775855,2023.06,0
Kapurthala,2023,7,30.7073316419938,17.902449861609654,255.7551315297758,50.188836664415746,3.211905152350178,4.673586181609909,5.5222538832389,19676,595433,556167,30.098651197546815,74.04583121164744,261.2150239050773,2023.07,0
Kapurthala,2023,8,35.42178863541737,29.214642737511074,162.7459071783751,79.0722731367238,3.2866254904007115,7.374644680981737,9.14624048773625,59385,521403,583244,29.814397747967178,74.09823732834779,207.70322685425026,2023.08,0
Kapurthala,2023,9,36.6653995641328,23.42409521395112,266.3274915398527,79.3345438215256,2.7583614779293377,5.3428086262261365,7.319335427198027,29245,508507,552574,29.347540711866888,76.62651942159154,200.41899897260092,2023.09,0
Kapurthala,2023,10,39.60474115471804,21.03856278862652,15.765962593954441,78.42420632352525,3.436452856204167,5.68165120628365,6.929638229924155,53334,522071,588229,30.61742567118303,74.12133396816682,298.83307015850266,2023.10,0
Kapurthala,2023,11,40.54893837037985,13.121154933101574,160.56031964045852,49.46357377065294,4.293452123359357,3.5347579233817807,3.6085895102187897,93724,594290,590829,29.413883733348356,75.68269332117713,258.2606602712321,2023.11,0
Kapurthala,2023,12,34.52128161967786,11.567832070050944,215.08857155279065,55.197321411180056,2.745247832624669,8.58033128527074,6.658126289901862,60638,514502,582647,29.22370895965742,74.60289379762322,266.3623478705201,2023.12,0
Faridkot,2023,1,40.483866748038466,13.883729787623611,98.0149613143783,64.77154265720574,4.368419217902163,3.207254801649543,4.0104799279514705,76850,575239,593617,29.67366338910253,75.43842324110604,332.8240492207491,2023.01,0
Faridkot,2023,2,32.75758282451945,15.516814121590965,214.49574298462147,65.47233134485074,1.149508335276477,1.2707934444388824,3.718507452092042,84198,515957,586543,31.41840495986202,74.84867947634123,239.5021366549492,2023.02,0
Faridkot,2023,3,40.324266430278804,24.088220619292468,220.96777069164753,72.07418825591824,3.629622192230833,7.0064256397285165,6.24626144301705,95836,547541,556757,31.191931275695964,76.96047843001749,249.2939778781673,2023.03,0
Faridkot,2023,4,36.66546817139749,24.070576906073196,4.398413138910584,57.01363787566701,0.872281282914402,1.536073346232254,4.465098152290291,12804,571203,585613,29.005098455420743,75.82559316827852,312.3928500677881,2023.04,0
Faridkot,2023,5,35.14965271176225,26.932257171879503,53.21985231997902,79.72288431024735,0.6802222000158731,7.1455031017782975,4.952654956249212,65187,524682,507089,31.711247153565242,74.51145516131989,205.22927513953184,2023.05,0
Faridkot,2023,6,40.27484619853733,14.410374685960324,234.25151997531427,51.507568667376034,1.1127150040785951,8.350614022146646,4.313835773357477,47069,573016,537943,29.556451847482567,75.78219441857551,232.40144757684428,2023.06,1
Faridkot,2023,7,41.436729685684796,16.45740476506504,247.4506928569169,48.64977557446442,1.460069563753037,1.5665975707994273,6.7705354754938005,51417,536634,514481,31.11719548690271,74.91217811500033,320.6159031822829,2023.07,1
Faridkot,2023,8,37.568453662396664,24.62609659602091,43.60455854940258,77.72620056630831,1.9314789549037723,5.933620524987264,6.542678089936606,64655,526892,528109,29.619687740464904,76.45190897626453,234.58916493643187,2023.08,1
Faridkot,2023,9,35.44593798435064,16.372367304014467,4.873129274355669,43.74619294520955,3.883644502909669,2.5518392995246453,7.575968057041798,13227,583611,577537,29.32586375842989,74.23223892813377,279.55509994967264,2023.09,0
Faridkot,2023,10,33.57246597682059,19.194784936919753,32.97579286520759,89.50120493203563,4.338585335746708,3.3824430715408904,7.45864087790881,34982,561849,586942,31.59607437801666,75.47441057734561,289.94870129956786,2023.10,1
Faridkot,2023,11,39.11659388630134,24.039846327422456,14.06262094138041,63.97478157412135,2.7062139689376448,5.393739848807836,9.07523765590432,76041,573972,574558,30.077440910084615,74.22678821770596,296.62326903762386,2023.11,1
Faridkot,2023,12,42.222928898229284,16.949973617615143,285.8666168413838,42.83741345191082,4.019147571377063,4.821349564582897,8.616195045693164,38397,506070,540387,29.612207503501036,76.72988420252821,272.3281046742356,2023.12,0
Muktsar,2023,1,36.17227785557977,22.920130791616252,138.7625533590478,88.84687130282136,3.6868065555605085,3.125990982607755,8.851083520060612,23929,570117,513660,30.000948260637838,74.97552368863555,262.6123486555192,2023.01,1
Muktsar,2023,2,42.364076831738714,23.19891838398715,86.49383918412575,68.76316388950436,4.387897906955224,4.536989829384912,8.872512754018876,62105,515166,561037,31.495029713286208,74.07483470405226,249.3615486554877,2023.02,0
Muktsar,2023,3,38.547847712476845,28.088601649846233,15.748183781064151,87.84185230597367,3.393208940382717,1.6616552845064414,6.04844452519775,87912,549692,570856,31.040399623084127,75.5803383418671,276.0467094900383,2023.03,1
Muktsar,2023,4,39.25829771322158,19.387741479163687,40.335239595785936,44.879639965769684,2.9374369058658,6.390076962947479,6.16003624282977,90140,561555,555406,29.65949846559157,74.45457133768801,225.20728225650674,2023.04,0
Muktsar,2023,5,35.11310969368901,19.758143747559423,22.48185588598368,56.9817252120012,0.9438425005776685,4.9447602984726675,9.583253292172376,81530,527686,514516,31.692591496895183,74.35364112276302,343.9596513303577,2023.05,1
Muktsar,2023,6,43.38811714255456,28.05201201314369,137.46477035954814,43.21656461981362,1.0387865620532737,1.264310866309275,4.769723873685415,58883,517797,582986,31.374596944822457,74.51972250825087,204.4797907181283,2023.06,1
Muktsar,2023,7,32.23150426478358,22.137107772678384,244.26261166681658,68.52212375622916,2.1982457483553786,2.322363869473465,5.524373477740441,79010,573228,554408,29.926511781691445,76.43503642858161,270.3119125280522,2023.07,1
Muktsar,2023,8,33.46166062327327,19.304928949210385,155.5400382466401,65.4606299289613,4.121348340606103,6.190054138783219,9.847574732821933,57367,574842,502816,31.42414355060689,75.36749464967127,344.5056592020351,2023.08,0
Muktsar,2023,9,34.328392926954606,17.66822828751156,164.00756191979747,68.86163694022736,3.2965289608175143,6.7315469578116,3.984293695466219,45271,531567,575556,30.051345521188853,76.36673098110724,328.1577758252465,2023.09,1
Muktsar,2023,10,41.65999819606599,11.743900833046432,37.08260332503619,56.360580964741985,1.2287463086970563,7.2943564951706215,5.271531523002555,17795,561932,513983,29.44544026924976,74.51408485847249,273.07443194842443,2023.10,1
Muktsar,2023,11,35.41526302365648,25.850275870708344,44.4832080851413,82.09550017862045,2.886547070582168,9.822820161830572,7.346674785904786,91572,560522,541223,29.458949626285715,76.9388483612611,322.391409732547,2023.11,1
Muktsar,2023,12,31.88357965984036,14.96463325559782,269.371067551997,43.99843984212757,1.6398452429422952,6.658122926610489,3.9768443727747145,10157,545003,545303,30.229058287860408,74.86288457169528,292.10603533120644,2023.12,1
Barnala,2023,1,36.032000155037025,24.480489179136157,188.7315759222398,70.68059197379331,2.0586148668144952,6.765430985035498,8.51796669453223,42454,512871,535847,30.7964919822809,75.74772484515246,304.89660950578025,2023.01,1
Barnala,2023,2,32.46702721634421,22.342241743299947,71.56436774532736,69.77256879040189,4.388932962619686,0.7734356927735986,5.018280580137924,58710,555613,595210,30.85635950393486,74.27632463187744,311.24340387222514,2023.02,0
Barnala,2023,3,33.17179720890456,10.56103732439162,78.83483440914482,72.01824060962984,0.7930506498337777,3.3883393546613547,8.527198137215464,26251,550342,525347,29.881692040541623,76.65645522562843,202.1132912927855,2023.03,1
Barnala,2023,4,33.99601379459307,23.24020464180272,222.0045979177235,62.79382468347121,4.554419374687436,2.1903829002008313,3.9622504880157345,33238,539397,568944,30.413595156832617,75.01968129972055,266.8228082852514,2023.04,1
Barnala,2023,5,38.39899050644149,20.59081622144469,255.81698509073144,41.49412818366586,1.1298405313535143,1.2357887771501985,7.00489485606471,76493,576278,592500,30.213267840059693,75.31496612047356,239.8622271767602,2023.05,1
Barnala,2023,6,32.70784738501919,20.660883091200404,115.88560333881607,45.075908252881625,3.2900435817115907,5.21263236594729,9.236294450505065,43172,523786,593580,31.747649540387954,75.61313144427248,302.165624771121,2023.06,1
Barnala,2023,7,40.359235403105636,20.19259537585087,196.93386862873402,84.80840180249977,3.0899604606314757,0.4790446561621198,3.150060715776131,73188,546304,531212,29.57328286736591,76.78149166244194,345.81409753455245,2023.07,1
Barnala,2023,8,40.47518862508683,19.65098324789382,92.4327577584649,54.58424596871286,1.8509157245517502,4.204650660507819,8.530871087547547,47555,592244,524887,29.461378888663514,75.07562465435096,230.83877577082123,2023.08,1
Barnala,2023,9,36.64625144533058,14.153274087439511,108.93918621196403,49.24314107063341,3.031946027195528,0.022503749268856232,8.750690858738706,10605,565660,558076,30.259222966615948,75.16519458659695,236.86116765167787,2023.09,1
Barnala,2023,10,36.65242205002784,13.292107418907415,150.8905071477546,89.49134515080482,0.7537557434681483,2.601910158457681,9.954562394113404,57654,594273,511832,30.969714518845198,75.99694304980025,321.98668961477205,2023.10,0
Barnala,2023,11,42.52879801211781,20.572994580253706,201.75417071260753,75.0421839491384,2.769049201119988,4.717770383540676,9.085493404382124,10220,525916,506658,30.00349744760092,74.17416332773624,268.40332632364454,2023.11,1
Barnala,2023,12,35.491669691779954,15.610370231444286,62.37413761866295,86.19281737888981,1.6811568439583737,5.438052606481967,4.445079778952708,22465,592074,535185,30.039042274154475,74.41780045551663,238.02190616813576,2023.12,1
Fatehgarh Sahib,2023,1,37.67860575484643,12.492057293499892,120.82901968706256,46.80802789554587,1.5540639113943029,7.1664559567540635,4.528885041949193,74533,577741,585745,31.988234398978097,76.78028424814029,312.988404355389,2023.01,0
Fatehgarh Sahib,2023,2,44.0088768204856,18.235521384165224,74.00206760560813,47.85208122394311,4.530769006443068,7.802916675205864,7.287252277441565,89856,557101,517702,30.573060815232534,74.1612595844774,223.17565486896058,2023.02,1
Fatehgarh Sahib,2023,3,40.595445700188435,15.061290661345442,31.59572460667911,57.166525660263176,3.3774438208024686,2.345205621384169,7.745381923028417,13927,575793,552085,29.25477752276473,74.34299933942492,299.6081404687453,2023.03,0
Fatehgarh Sahib,2023,4,35.43377876208399,18.252887927828127,28.009771261953777,74.00671057844413,4.489171229279382,1.1391387208930426,7.097797248120645,52224,514689,527956,29.48252356036622,74.63015449370933,339.12486633203827,2023.04,1
Fatehgarh Sahib,2023,5,34.22456512218796,25.877958347884505,81.53173194358037,43.026978602959446,3.6653553711561098,1.0587708812229601,5.816300901094049,54420,509644,534496,30.1584897312069,76.9274848155811,226.04257086327016,2023.05,0
Fatehgarh Sahib,2023,6,44.04539779865391,29.655379809271317,160.49313449868916,51.09276494746529,0.7387333111401397,0.9686366496678844,4.9743465289130615,68098,584415,566162,30.377897739240144,75.1567437806828,219.08904079780194,2023.06,1
Fatehgarh Sahib,2023,7,42.88256867216754,25.05447283148363,262.30571399020596,62.864678233565115,2.0382672288474692,2.1354687425861574,5.684056268929638,72412,555217,502380,31.53708359184577,74.66880655168238,282.39815392361413,2023.07,1
Fatehgarh Sahib,2023,8,35.30122507230231,15.427194329523328,260.2324516790352,50.46029030293158,3.1328023480793847,9.551736504844884,6.569527121823953,29632,564379,501876,30.861887060317738,74.32605506611247,277.3428570073564,2023.08,1
Fatehgarh Sahib,2023,9,32.9278675921417,27.529482177240038,113.20107950163015,71.35696801824778,2.257201996065824,1.4758461043669213,6.635562943988047,82007,523393,577369,31.156840286952132,74.54587287462653,243.68828191589023,2023.09,1
Fatehgarh Sahib,2023,10,30.218477350967465,14.077376621690147,247.84032149848687,68.63516203488138,2.84547041854199,7.347687077805336,4.844484045422284,39429,530644,595895,30.19597508340918,75.5398634359044,315.1534217753174,2023.10,0
Fatehgarh Sahib,2023,11,35.28906688111629,24.453267005929693,133.66733032647323,88.93520412243787,3.0343152836705487,2.353581611312263,4.30277461732811,36614,560820,568589,29.344099827558615,76.46575356848915,275.4529119247075,2023.11,1
Fatehgarh Sahib,2023,12,32.93892306846989,18.1166278869621,14.909814151288803,49.534882298192656,1.9078179628644245,5.277452804515004,8.779966953498274,55801,563766,527974,31.74219891768807,76.62782889572311,279.3221561591857,2023.12,0
Sangrur,2023,1,44.983508285907924,28.47746939329946,176.77017742794442,48.96806643202264,4.254813325929931,2.3614220172590517,5.405995738095207,77430,551014,599631,30.566633009085496,76.51380426548928,288.48029438257913,2023.01,1
Sangrur,2023,2,38.03729719180236,10.691707135171256,55.28195013151511,48.82783670561721,4.388666781114038,0.018803781527616525,7.224131695740592,42102,513690,565816,30.47360835027902,76.49544719050446,282.5398760449629,2023.02,1
Sangrur,2023,3,36.894396320658046,15.792278497019678,59.759637351308704,85.87267184512571,1.6122214802167938,3.9828472315057972,7.148584558692373,13288,581183,552870,31.584553183437755,74.61561070244919,256.7416309263526,2023.03,0
Sangrur,2023,4,38.82367695841392,11.812062042035121,62.49708700049397,80.64442523221166,2.4367683307653056,8.606879236070178,5.392415996942618,14975,549447,554514,30.07026247088495,74.75152397187242,345.871383669252,2023.04,1
Sangrur,2023,5,44.006621208772216,12.623704630912718,173.8905612360617,40.08293703684,1.1177154210217704,3.78384234687391,6.3212349930261205,91265,578431,573518,30.162957989066143,76.02599548244761,228.06760701326496,2023.05,1
Sangrur,2023,6,36.178118587665494,14.865604240966876,56.855061090860836,56.106909343815325,4.123171176674838,9.954637379122692,7.023453981298591,80617,570695,533895,31.288415085939523,75.77530664278063,315.1429879804142,2023.06,1
Sangrur,2023,7,44.59523174201501,29.77252208045743,93.47965108918262,82.64718300393056,0.5973427947639924,7.526529051894203,8.414563456325798,65221,570184,512451,31.698953925643785,76.33153867691657,316.48053743670687,2023.07,0
Sangrur,2023,8,38.18798945083975,16.495158139050538,127.0561547480532,55.553858497990696,3.052120403230399,1.2031697067534552,7.815857831051712,61482,547858,584723,30.92914698004194,76.75363594301406,331.88626962319455,2023.08,1
Sangrur,2023,9,36.849238238732426,10.531327755785815,125.26074454147074,49.21277704400326,1.3615240622913554,3.581920131482721,6.071778798276466,99810,528969,534184,31.810769314272253,75.73945663562446,326.03675643667475,2023.09,0
Sangrur,2023,10,37.47455782839654,10.867478286952059,225.37153191292637,59.11400798632913,3.0496878294984695,5.615171991094615,4.083039497970266,80995,553875,596560,29.762566733212523,75.74302101148878,200.01144460391598,2023.10,1
Sangrur,2023,11,32.53715671513851,13.878926601350013,37.544732512613955,53.55094111037031,1.5258211771142363,9.73101106251555,8.431421408449555,45711,535019,558210,30.759741772149646,75.07355196257043,262.4476005002002,2023.11,1
Sangrur,2023,12,41.262125605935225,28.768795907807803,15.10783106890068,58.360525719206166,3.3483769456761516,5.804270193312954,5.075965961651964,43156,506716,510472,30.132085642764423,75.77091466462682,288.8502473271179,2023.12,0
Tarn Taran,2023,1,41.169921846074345,21.09833887295293,282.2576569807293,70.70529616812388,0.6896540817298346,2.82557873305588,4.701483865591009,12632,525641,554662,29.465891012087383,74.77740764097808,322.04495534330175,2023.01,0
Tarn Taran,2023,2,41.107539523426,19.573138456045704,19.63831232059138,56.990401809822714,2.7648711015085183,8.290785700775317,3.671629349928496,35810,592002,569627,29.58561445114073,76.70818477573187,332.3051760833697,2023.02,1
Tarn Taran,2023,3,44.2967225814508,25.434219204103435,252.9777162463314,66.18201275702475,1.9044702050950488,8.515022347428339,7.394330241089532,65515,579458,550694,31.589081723042337,76.76068688967192,256.8029075756145,2023.03,1
Tarn Taran,2023,4,31.326218212952345,13.081316535763502,254.31373471183946,79.93905563980479,1.5058612067658876,7.484195191105744,9.032760434066347,89372,551713,571093,31.446219598986,74.0543119322099,322.66523256293965,2023.04,0
Tarn Taran,2023,5,37.74312478484579,24.755171743565693,104.01478291025789,70.54231337624765,2.797972571351188,9.427836289798424,3.0706079195973106,27697,588977,565771,30.897107341160527,75.72168877143864,348.5568963024781,2023.05,1
Tarn Taran,2023,6,33.53381084445807,16.88079394954999,222.49689305129573,76.94914448576549,4.634457030619335,0.6203342836993886,5.404491413472563,31637,504712,525172,31.84235842582435,76.17744048230502,318.95524794148395,2023.06,0
Tarn Taran,2023,7,34.250180546722966,20.794246487639562,208.14561711443912,85.4649353889912,4.35757631242137,7.74149616453354,3.674531747774625,48274,511743,594959,31.46237088447439,75.56159171391066,317.0195247581429,2023.07,0
Tarn Taran,2023,8,41.84426573223135,26.89869742116072,294.10532376604834,74.97489930558501,3.012924899839166,5.023137707487329,6.948865572708078,72832,509647,512297,29.209046672259447,74.28023215529984,317.8548244970933,2023.08,1
Tarn Taran,2023,9,44.82436244563546,12.670170961106102,182.2252166238079,72.68859817960211,0.8001688894254673,2.6311694344579095,7.952083455207139,97419,508997,564466,30.156599411119924,75.75729924987235,220.69674853697884,2023.09,0
Tarn Taran,2023,10,33.62506323886128,13.819334521896396,72.14154880002371,82.0192794722463,4.6127751790625275,8.345630198317215,7.601154622015792,22186,542504,574541,31.516636054699653,76.97043565075639,278.1534575917007,2023.10,1
Tarn Taran,2023,11,42.044972852718786,13.032595877204544,120.34336207676355,82.48434587660108,1.5541523787946043,1.4161403748659107,6.336416052497175,15777,536343,575831,30.31920449682699,74.37889232851725,343.4094720699168,2023.11,1
Tarn Taran,2023,12,34.81125461467307,15.083467957331154,163.84720210694633,58.198389224751324,3.738537635903223,3.789589765172331,7.988366626518391,41296,593194,516387,31.74802986006186,76.96109066392643,307.24632024225167,2023.12,1
Rupnagar,2023,1,42.55314580261078,27.28423913735163,133.22963855908475,61.05073499058008,1.774796201359397,8.666965983062427,7.262941291767483,47261,516995,578069,29.1420031584978,74.56989538386712,299.1070886660485,2023.01,1
Rupnagar,2023,2,44.15671363365044,19.96190295961262,199.1496913794095,67.01933911174375,1.4566982641124848,3.611939189156863,8.92963134023157,57487,527761,503763,31.681128315962496,75.37341178137686,224.0596023223654,2023.02,0
Rupnagar,2023,3,34.316162604769005,29.665238821832475,68.78795679423747,44.74304792535965,2.903333504674445,3.0129290986153023,3.060460895163236,75690,556561,516588,31.867689032623026,76.88982674397344,287.74159957179916,2023.03,0
Rupnagar,2023,4,32.036394300970116,27.525299114632144,73.86375141853694,55.38137747563483,1.2857422146981745,9.54125710703895,4.336656557696593,25257,563962,580405,31.51687156964417,75.49015202992682,303.40833087389495,2023.04,1
Rupnagar,2023,5,32.071456149862044,18.97733409674981,76.53192986603754,81.31730401271606,1.3733883806997973,5.721172637006572,6.585385188006567,74914,547550,541405,30.52365086904722,75.45094169304063,339.1359228861801,2023.05,1
Rupnagar,2023,6,38.95036185600116,28.867366683454062,47.14438174674138,48.42981219749383,0.7218149622006802,6.29989282712763,8.968447857005977,25542,539134,500421,31.41611159453952,76.52467773020724,235.0673701608345,2023.06,1
Rupnagar,2023,7,39.265432441931296,21.226460852450906,26.60458424355916,66.77292674173331,2.3465820604260266,2.518691091683741,8.016378129610445,73020,576612,523240,31.884865041711585,74.36359726150779,259.35483925037676,2023.07,0
Rupnagar,2023,8,30.82941196892945,28.692146083317116,40.134021738871375,49.64698382026176,2.0818128761991783,4.1022329741646,4.708094047601257,55399,584654,577684,31.687438265893373,74.93790296225109,308.8936766626141,2023.08,1
Rupnagar,2023,9,39.54561025558088,26.63715881012794,239.22903797916476,52.47030974984015,2.520367910188138,8.670103944817143,7.247426797263557,18106,574494,561926,31.414667218380952,75.88900652506679,231.1195987997597,2023.09,1
Rupnagar,2023,10,37.52329749640547,17.53134387302025,143.9554924001375,57.125417364249024,2.5454670704100204,0.08794362385984189,8.682129455112168,36392,541408,574927,31.167260013368036,76.12785687750791,250.74669384372726,2023.10,1
Rupnagar,2023,11,30.814391380541114,12.405370157814648,68.05153967401579,60.97236186547066,3.5971451539247257,7.9947507494907954,9.697123677356757,61300,538683,531502,30.555630592153243,76.22071957320418,274.0993198370849,2023.11,0
Rupnagar,2023,12,34.95097737713126,21.832413452931426,87.35707220895007,63.034694762135146,4.681037070644955,6.875447618892968,6.029611403840287,63693,566317,569351,30.037638400875,75.6743951347915,275.66566012206636,2023.12,1
Mansa,2023,1,30.861568452120654,14.825951094984148,19.048069434859716,45.94290907030619,4.435451218363839,6.758640501678119,9.335932281378076,12646,519704,510882,31.831247137002762,75.81989966894938,328.7367183491324,2023.01,1
Mansa,2023,2,30.77549681276473,20.505122643229505,142.90353222679644,47.352596023772044,4.05393289157026,2.318547024158728,6.219197271717779,50551,576420,508544,30.604127777719718,76.64012601098584,325.98273688466446,2023.02,1
Mansa,2023,3,42.22206641377601,11.128826404689443,184.97787507321442,67.95637542176223,1.8555205420175542,4.904643030877543,5.44273299068753,39934,537233,539845,30.394928043697046,76.58422194133269,315.5277457438977,2023.03,0
Mansa,2023,4,38.71820912208607,24.218893235346382,176.46433261956582,45.04604887295782,1.7322474835892194,9.832818426588936,8.702433818596049,80761,558644,543107,31.056829169184617,76.65897921849948,312.2621515887454,2023.04,0
Mansa,2023,5,42.8100794033168,23.892031122681736,222.39265273715444,62.94708074608157,0.5708049338102086,8.784050374959595,9.99972402298878,23204,557740,551712,30.352427962927724,75.02082851390942,314.5202871757882,2023.05,0
Mansa,2023,6,36.24314784118431,22.547415747273348,27.481337449379783,48.82783483198176,0.7844236799520854,7.347116619991829,9.810295438212705,13514,572067,556658,31.64144493007958,75.54659230961373,276.93546487166736,2023.06,1
Mansa,2023,7,44.67404451775802,24.334046011812436,296.2326069942682,49.34204261923301,0.7617998016478518,1.089349514931135,3.5103130183361584,38245,581625,584532,31.24906084546918,75.31824805704758,305.5954275925596,2023.07,1
Mansa,2023,8,43.339502736167105,11.233081672064277,41.81828824047547,86.5883034538178,3.2287021445225843,5.504887578404977,3.4991053707184108,98832,526374,562649,31.402488262374558,76.65363716399479,289.05403693473136,2023.08,1
Mansa,2023,9,38.665172999850725,29.35569393405458,51.44630538958822,53.63822331853382,3.4267560929824943,4.226815609023999,4.1316154257514945,91483,575213,552865,29.339962784114675,75.32077872251334,204.63138829110125,2023.09,0
Mansa,2023,10,35.270608794485966,17.692355564947526,291.5681783047302,51.4702106023496,1.7942151601246965,3.0418560208404744,5.848884317836714,82892,527675,560902,30.2878180241204,76.80622437593549,331.9694669177724,2023.10,1
Mansa,2023,11,34.12969463666718,24.337570409729768,12.786289871219225,54.37629057343362,4.147273140703106,8.81839661000524,7.478871010947089,21205,541067,572726,29.182954506847803,75.28257084563971,263.414801263904,2023.11,0
Mansa,2023,12,39.880802241259794,27.3280415971274,283.1267632468277,72.23107636965815,1.1969675558471384,7.0657165704621425,3.4974533047912892,28201,530652,514812,30.68366114641229,74.5929234250084,348.79261215555607,2023.12,1
